grupo_terri_num,CCAA,Num_CCAA
1_altoR-altoSP,"['PaisVasco', '1_altoR-altoSP', 'Ceuta_Melilla']",3
2_altoR-medioSP,"['2_altoR-medioSP', 'Baleares', 'Valencia']",3
3_altoR-bajoSP,"['3_altoR-bajoSP', 'Madrid', 'Murcia']",3
4_medioR-altoSP,"['7_bajoR-altoSP', '4_medioR-altoSP', 'CastillaLaMancha', 'CastillaLeon']",4
5_medioR-medioSP,"['Canarias', 'Aragon']",2
6_medioR-bajoSP,"['Navarra', '6_medioR-bajoSP', 'Andalucia']",3
7_bajoR-altoSP,"['Extremadura', 'Asturias']",2
8_bajoR-medioSP,"['5_medioR-medioSP', '8_bajoR-medioSP', 'LaRioja', 'Galicia']",4
9_bajoR-bajoSP,"['9_bajoR-bajoSP', 'Cantabria', 'Catalu√±a']",3
